job,kind,state,source,branch,gradient_l2,clip_coefficient,master_update_l2,bf16_l2,bf16_nonzero_fraction,bf16_fraction_above_1e5
density-m-pg500-draw42,density,m-pg500,raw/density-m-pg500-draw42/measurements.json,zero_gradient,0.0,1.0,0.0024014030993843487,0.03320595144472139,0.0016236554866644766,0.00036317452521173946
density-m-pg500-draw42,density,m-pg500,raw/density-m-pg500-draw42/measurements.json,sampled_pg,127.01623874349164,0.0078730090106548,0.002590333764719952,0.03396010467046081,0.0017284832346649217,0.0003877372444128817
density-m-pg500-draw42,density,m-pg500,raw/density-m-pg500-draw42/measurements.json,student_topk,65.79871704961556,0.01519786448188777,0.002615394141536545,0.034144722593946936,0.0017440007217680237,0.00039226421946985236
density-m-pg500-draw42,density,m-pg500,raw/density-m-pg500-draw42/measurements.json,topk_intersection,52.754911238526965,0.018955580770916323,0.002615605632991004,0.034105029238519075,0.0017434770596128908,0.0003918637719394566
density-m-pg500-draw42,density,m-pg500,raw/density-m-pg500-draw42/measurements.json,teacher_topk,50.397003716088705,0.019842449082708297,0.002615871340834729,0.034100264016240264,0.0017432155191358543,0.0003918178570557102
density-m-pg500-draw42,density,m-pg500,raw/density-m-pg500-draw42/measurements.json,full_vocab,64.04985712380429,0.015612837081809985,0.002615797578022749,0.03418037839694058,0.001744110568768379,0.0003925042555076658
density-m-pg500-draw42,density,m-pg500,raw/density-m-pg500-draw42/measurements.json,sampled_pg_draw1,292.247252119128,0.0034217601340203957,0.002566953811911958,0.033996495934529886,0.0017178658536993623,0.00038603200050260405
density-m-pg500-draw42,density,m-pg500,raw/density-m-pg500-draw42/measurements.json,sampled_pg_draw2,97.23288357985163,0.010284586375494795,0.0026162394501259545,0.03407091054411021,0.0017422745546195832,0.00039106462048184526
density-m-pg500-draw42,density,m-pg500,raw/density-m-pg500-draw42/measurements.json,sampled_pg_draw3,428.38895304189697,0.002334327228946708,0.0025952796213238195,0.03416413865376754,0.0017340895000904628,0.00039021955414048754
density-m-pg500-draw43,density,m-pg500,raw/density-m-pg500-draw43/measurements.json,zero_gradient,0.0,1.0,0.0024014030993843487,0.03320595144472139,0.0016236554866644766,0.00036317452521173946
density-m-pg500-draw43,density,m-pg500,raw/density-m-pg500-draw43/measurements.json,sampled_pg,13.020052267591385,0.07680460129062074,0.0025162372125739616,0.03380281035956203,0.0016899815704398574,0.0003798265167841195
density-m-pg500-draw43,density,m-pg500,raw/density-m-pg500-draw43/measurements.json,student_topk,47.66669572564762,0.02097900774949103,0.0025223446318148155,0.03384319632400728,0.001692138407573818,0.0003805878901728256
density-m-pg500-draw43,density,m-pg500,raw/density-m-pg500-draw43/measurements.json,topk_intersection,47.66208497394,0.020981037224152673,0.0025223049906218436,0.033842779395005664,0.0016921372451716979,0.00038058149696116466
density-m-pg500-draw43,density,m-pg500,raw/density-m-pg500-draw43/measurements.json,teacher_topk,47.66153005514083,0.020981281504429114,0.0025222845094565365,0.033841535858032276,0.001692110509922934,0.0003805780097548042
density-m-pg500-draw43,density,m-pg500,raw/density-m-pg500-draw43/measurements.json,full_vocab,47.66187275629495,0.020981130643608507,0.002522366387504755,0.03384600998139107,0.001692139569975938,0.00038060125779720746
density-m-pg500-draw43,density,m-pg500,raw/density-m-pg500-draw43/measurements.json,sampled_pg_draw1,108.21092593569085,0.009241210923128811,0.002520245468948169,0.033823842563276814,0.0016911585025865213,0.00038033448651063025
density-m-pg500-draw43,density,m-pg500,raw/density-m-pg500-draw43/measurements.json,sampled_pg_draw2,107.97908004050444,0.00926105307031541,0.0025200695412658032,0.033821371365851574,0.001690795833125031,0.00038026183637812015
density-m-pg500-draw43,density,m-pg500,raw/density-m-pg500-draw43/measurements.json,sampled_pg_draw3,16.53470208098235,0.06047886043688113,0.002511282611964856,0.03376591913856666,0.0016889057672776475,0.00037916627237986753
density-m-pg500-draw44,density,m-pg500,raw/density-m-pg500-draw44/measurements.json,zero_gradient,0.0,1.0,0.0024014030993843487,0.03320595144472139,0.0016236554866644766,0.00036317452521173946
density-m-pg500-draw44,density,m-pg500,raw/density-m-pg500-draw44/measurements.json,sampled_pg,63.11767372901475,0.015843422690923484,0.0025149012909649335,0.033823712398805335,0.0016893073772101634,0.00037924880293039903
density-m-pg500-draw44,density,m-pg500,raw/density-m-pg500-draw44/measurements.json,student_topk,41.274453340871524,0.024228061060270936,0.0025410737405222356,0.033913022444108355,0.0017037984632411625,0.00038275925733328813
density-m-pg500-draw44,density,m-pg500,raw/density-m-pg500-draw44/measurements.json,topk_intersection,41.24742772191364,0.024243935464242094,0.0025409588084908744,0.03391480663798966,0.0017039129598499984,0.000382780180571451
density-m-pg500-draw44,density,m-pg500,raw/density-m-pg500-draw44/measurements.json,teacher_topk,41.219328229172696,0.024260462717385925,0.002540955092230244,0.033911339358122974,0.00170378160841042,0.0003827255476718034
density-m-pg500-draw44,density,m-pg500,raw/density-m-pg500-draw44/measurements.json,full_vocab,41.266595753449494,0.024232674334028034,0.0025410182688088345,0.03391266856128185,0.0017038682073683721,0.00038272089806332273
density-m-pg500-draw44,density,m-pg500,raw/density-m-pg500-draw44/measurements.json,sampled_pg_draw1,31.677882296044615,0.03156776577066507,0.0025497314074693334,0.03394817036180993,0.0017083283443034337,0.0003840152328241231
density-m-pg500-draw44,density,m-pg500,raw/density-m-pg500-draw44/measurements.json,sampled_pg_draw2,63.87855888178483,0.01565470483133345,0.002504797354930024,0.0338266799978184,0.001683698786980382,0.00037842582222932434
density-m-pg500-draw44,density,m-pg500,raw/density-m-pg500-draw44/measurements.json,sampled_pg_draw3,82.08061120152418,0.012183144998295111,0.0025262131041733317,0.03383263151174758,0.001694995591985176,0.00038047223116186946
density-m-pg500-draw45,density,m-pg500,raw/density-m-pg500-draw45/measurements.json,zero_gradient,0.0,1.0,0.0024014030993843487,0.03320595144472139,0.0016236554866644766,0.00036317452521173946
density-m-pg500-draw45,density,m-pg500,raw/density-m-pg500-draw45/measurements.json,sampled_pg,5.178775124181106,0.19309581569489548,0.002518019677784971,0.033811805394484716,0.0016882304116458335,0.00037953068544453825
density-m-pg500-draw45,density,m-pg500,raw/density-m-pg500-draw45/measurements.json,student_topk,16.110319994676743,0.06207200963471958,0.0025513171465284183,0.03393747100690367,0.0017070020434843288,0.0003834346129651022
density-m-pg500-draw45,density,m-pg500,raw/density-m-pg500-draw45/measurements.json,topk_intersection,16.100940192933788,0.06210817044899645,0.002550449135409781,0.03393285847804799,0.0017065452194511051,0.0003833462704039699
density-m-pg500-draw45,density,m-pg500,raw/density-m-pg500-draw45/measurements.json,teacher_topk,16.11919514656174,0.062037833084703925,0.00255045944290491,0.03393354412169316,0.0017065097661864402,0.0003833671936421328
density-m-pg500-draw45,density,m-pg500,raw/density-m-pg500-draw45/measurements.json,full_vocab,16.116565519563345,0.06204795536233691,0.002551379297166076,0.03393555681658074,0.0017070066930928096,0.0003833916040866562
density-m-pg500-draw45,density,m-pg500,raw/density-m-pg500-draw45/measurements.json,sampled_pg_draw1,5.836761912848303,0.17132784300673373,0.002561597748197745,0.03393519017400372,0.0017098731767211288,0.00038401581402518317
density-m-pg500-draw45,density,m-pg500,raw/density-m-pg500-draw45/measurements.json,sampled_pg_draw2,22.07999895992303,0.04528985515466848,0.00251039991798998,0.03376965086132761,0.0016830013457082849,0.00037794633135475753
density-m-pg500-draw45,density,m-pg500,raw/density-m-pg500-draw45/measurements.json,sampled_pg_draw3,25.17793113578039,0.039717320493484795,0.0025149701067207274,0.03378803488780923,0.0016863973035023381,0.00037906746819965376
density-m-pg250-draw42,density,m-pg250,raw/density-m-pg250-draw42/measurements.json,zero_gradient,0.0,1.0,0.0027722796568962543,0.025076689644376968,0.0018186612287449657,0.00035150342672425334
density-m-pg250-draw42,density,m-pg250,raw/density-m-pg250-draw42/measurements.json,sampled_pg,130.60425804840003,0.007656718144462767,0.0029283240557911204,0.025449236809957438,0.0018999067437326254,0.00036735045482842125
density-m-pg250-draw42,density,m-pg250,raw/density-m-pg250-draw42/measurements.json,student_topk,229.57696905867516,0.004355837607510982,0.0029844468642551193,0.025737714136128027,0.0019257248572235426,0.0003748078456303203
density-m-pg250-draw42,density,m-pg250,raw/density-m-pg250-draw42/measurements.json,topk_intersection,229.10377625316062,0.004364834189944393,0.0029843301302059496,0.02573624431043858,0.0019257202076150618,0.00037484155529180494
density-m-pg250-draw42,density,m-pg250,raw/density-m-pg250-draw42/measurements.json,teacher_topk,228.81806124140675,0.004370284365685187,0.0029842451668164864,0.025736521553545975,0.0019256835919482767,0.00037481423884198114
density-m-pg250-draw42,density,m-pg250,raw/density-m-pg250-draw42/measurements.json,full_vocab,230.00915348035576,0.004347653041285391,0.0029844877045381935,0.02574186003122547,0.0019257475240648857,0.00037486538453526826
density-m-pg250-draw42,density,m-pg250,raw/density-m-pg250-draw42/measurements.json,sampled_pg_draw1,46.19910504419257,0.021645440477645442,0.0029225122052767005,0.02540853758833568,0.0018954059227233582,0.0003662589592375892
density-m-pg250-draw42,density,m-pg250,raw/density-m-pg250-draw42/measurements.json,sampled_pg_draw2,591.3704526104275,0.0016909874240331293,0.002978162644927118,0.025705116723523918,0.001922291702561644,0.00037394011244761937
density-m-pg250-draw42,density,m-pg250,raw/density-m-pg250-draw42/measurements.json,sampled_pg_draw3,37.95872780565577,0.026344401708494575,0.002926125302593621,0.025403742323016294,0.0018958534475396207,0.00036622873678246497
density-m-pg250-draw43,density,m-pg250,raw/density-m-pg250-draw43/measurements.json,zero_gradient,0.0,1.0,0.0027722796568962543,0.025076689644376968,0.0018186612287449657,0.00035150342672425334
density-m-pg250-draw43,density,m-pg250,raw/density-m-pg250-draw43/measurements.json,sampled_pg,118.62679007404506,0.008429798959796654,0.002959989853105536,0.025525955384025703,0.0019158415331968655,0.0003711259369147073
density-m-pg250-draw43,density,m-pg250,raw/density-m-pg250-draw43/measurements.json,student_topk,94.68520732256381,0.01056131171611624,0.0029655617670364567,0.02553920830027879,0.0019181146105428423,0.00037174317244051327
density-m-pg250-draw43,density,m-pg250,raw/density-m-pg250-draw43/measurements.json,topk_intersection,94.58660534678569,0.010572321374272275,0.0029651619180458577,0.02553250812726964,0.0019177618214993731,0.0003716443682602995
density-m-pg250-draw43,density,m-pg250,raw/density-m-pg250-draw43/measurements.json,teacher_topk,94.52107592917005,0.010579650935942637,0.0029650655627676097,0.025531609202269042,0.0019177048637954851,0.0003716315818369777
density-m-pg250-draw43,density,m-pg250,raw/density-m-pg250-draw43/measurements.json,full_vocab,94.67921449538225,0.01056198020619185,0.00296562795040143,0.025541591379313656,0.001918234337961219,0.00037178036930835847
density-m-pg250-draw43,density,m-pg250,raw/density-m-pg250-draw43/measurements.json,sampled_pg_draw1,156.1887039692534,0.006402511629742084,0.002957357077058083,0.025502698168643537,0.0019147773540558572,0.000370377349949323
density-m-pg250-draw43,density,m-pg250,raw/density-m-pg250-draw43/measurements.json,sampled_pg_draw2,96.30190180142728,0.010384010812974083,0.002962816180309572,0.025496159507979073,0.0019169737128619032,0.0003712067238620585
density-m-pg250-draw43,density,m-pg250,raw/density-m-pg250-draw43/measurements.json,sampled_pg_draw3,111.71176083648577,0.008951608886660615,0.002955945867769261,0.025507925497341506,0.0019132778553208483,0.0003704488376797129
density-m-pg250-draw44,density,m-pg250,raw/density-m-pg250-draw44/measurements.json,zero_gradient,0.0,1.0,0.0027722796568962543,0.025076689644376968,0.0018186612287449657,0.00035150342672425334
density-m-pg250-draw44,density,m-pg250,raw/density-m-pg250-draw44/measurements.json,sampled_pg,124.74362067745926,0.008016441935489328,0.0029400624272611494,0.025422849796990644,0.0019061424499062342,0.0003684210271810904
density-m-pg250-draw44,density,m-pg250,raw/density-m-pg250-draw44/measurements.json,student_topk,49.531761755634435,0.0201890654474284,0.0029585881192691348,0.02550595175489994,0.0019164878287756756,0.0003700501337524974
density-m-pg250-draw44,density,m-pg250,raw/density-m-pg250-draw44/measurements.json,topk_intersection,48.43033525215967,0.02064821509380717,0.0029541449788931303,0.02548572801256404,0.0019136230887505364,0.000369530540004785
density-m-pg250-draw44,density,m-pg250,raw/density-m-pg250-draw44/measurements.json,teacher_topk,47.827177293454504,0.020908613798294208,0.0029504566067175926,0.025476163118603512,0.0019112564380338866,0.00036907197236838113
density-m-pg250-draw44,density,m-pg250,raw/density-m-pg250-draw44/measurements.json,full_vocab,50.31087498585002,0.019876417979310296,0.002960337352726203,0.02551212551367228,0.0019175264350700402,0.0003702523917214056
density-m-pg250-draw44,density,m-pg250,raw/density-m-pg250-draw44/measurements.json,sampled_pg_draw1,201.85340770120607,0.004954090230302983,0.002914513069284727,0.025408946359109678,0.001894162733655845,0.0003659148882100213
density-m-pg250-draw44,density,m-pg250,raw/density-m-pg250-draw44/measurements.json,sampled_pg_draw2,56.908838121004365,0.01757196272926453,0.002970208092086902,0.025482924844601965,0.0019225183709750758,0.0003708812512684132
density-m-pg250-draw44,density,m-pg250,raw/density-m-pg250-draw44/measurements.json,sampled_pg_draw3,179.378715581154,0.0055747973843239245,0.0029432539481537355,0.025459584323344157,0.0019070642347875225,0.0003688912188386959
density-m-pg250-draw45,density,m-pg250,raw/density-m-pg250-draw45/measurements.json,zero_gradient,0.0,1.0,0.0027722796568962543,0.025076689644376968,0.0018186612287449657,0.00035150342672425334
density-m-pg250-draw45,density,m-pg250,raw/density-m-pg250-draw45/measurements.json,sampled_pg,293.45490121269887,0.0034076786329341694,0.002907459525697329,0.025358077022476194,0.0018871249700193244,0.0003645508093220112
density-m-pg250-draw45,density,m-pg250,raw/density-m-pg250-draw45/measurements.json,student_topk,66.35800847356128,0.0150697708977908,0.0029283098909212535,0.025461878391033962,0.001900479226776805,0.0003678566809517518
density-m-pg250-draw45,density,m-pg250,raw/density-m-pg250-draw45/measurements.json,topk_intersection,61.61993656135156,0.016228513685272002,0.002928343614732147,0.025454192623395367,0.0019004490043216808,0.0003676951070570493
density-m-pg250-draw45,density,m-pg250,raw/density-m-pg250-draw45/measurements.json,teacher_topk,57.30104079610287,0.017451689684078512,0.002929993987536207,0.025461774937301788,0.0019014451829386598,0.0003679642031478668
density-m-pg250-draw45,density,m-pg250,raw/density-m-pg250-draw45/measurements.json,full_vocab,75.56542170724508,0.01323356588467971,0.002925838262330266,0.025459142638326184,0.0018987065635435582,0.000367463207834077
density-m-pg250-draw45,density,m-pg250,raw/density-m-pg250-draw45/measurements.json,sampled_pg_draw1,206.9493248336606,0.004832100785888855,0.002897482010480582,0.02533335567953454,0.0018818186043407853,0.00036381326517676845
density-m-pg250-draw45,density,m-pg250,raw/density-m-pg250-draw45/measurements.json,sampled_pg_draw2,185.04616114412676,0.0054040569575343625,0.0029332585423394153,0.025492037472390407,0.0019022542148142924,0.0003683512830538807
density-m-pg250-draw45,density,m-pg250,raw/density-m-pg250-draw45/measurements.json,sampled_pg_draw3,226.96125106393296,0.004406038435663498,0.0029117178855740146,0.025436310669617202,0.0018907063309515435,0.00036635601981462273
density-s-pg250-draw42,density,s-pg250,raw/density-s-pg250-draw42/measurements.json,zero_gradient,0.0,1.0,0.003416938272290663,0.03386250249229293,0.002180089825972222,0.0004991430260113234
density-s-pg250-draw42,density,s-pg250,raw/density-s-pg250-draw42/measurements.json,sampled_pg,406.013214162712,0.0024629740182206743,0.0034911953684701566,0.03401779581827456,0.002217104196684539,0.0005074617567842624
density-s-pg250-draw42,density,s-pg250,raw/density-s-pg250-draw42/measurements.json,student_topk,17.44193194812135,0.05733309507463212,0.0034905637389699277,0.03401243983936287,0.0022166125005877104,0.0005072897212704784
density-s-pg250-draw42,density,s-pg250,raw/density-s-pg250-draw42/measurements.json,topk_intersection,17.45903846188389,0.057276919625685783,0.0034906676469402633,0.03401428094580438,0.0022166810823128,0.0005073292429425639
density-s-pg250-draw42,density,s-pg250,raw/density-s-pg250-draw42/measurements.json,teacher_topk,17.457913782749323,0.05728060953694935,0.003490763521469647,0.03401539978056951,0.002216746176831529,0.0005073495849796667
density-s-pg250-draw42,density,s-pg250,raw/density-s-pg250-draw42/measurements.json,full_vocab,17.440782915089052,0.057336872291321776,0.0034905649936885362,0.03401349394729307,0.0022166665522862982,0.0005073286617415037
density-s-pg250-draw42,density,s-pg250,raw/density-s-pg250-draw42/measurements.json,sampled_pg_draw1,2.2462763282162626,0.4451810056748807,0.0034904407268053876,0.03400967686412592,0.0022164689439258707,0.0005072908836725985
density-s-pg250-draw42,density,s-pg250,raw/density-s-pg250-draw42/measurements.json,sampled_pg_draw2,2.246403052262794,0.44515589214358114,0.0034904436324934606,0.03400893247278153,0.002216470687529051,0.0005072775160482166
density-s-pg250-draw42,density,s-pg250,raw/density-s-pg250-draw42/measurements.json,sampled_pg_draw3,2.246064647324315,0.4452229618449827,0.0034902576774214033,0.03400734551181464,0.0022163114384385887,0.0005072252079528094
density-s-pg250-draw43,density,s-pg250,raw/density-s-pg250-draw43/measurements.json,zero_gradient,0.0,1.0,0.003416938272290663,0.03386250249229293,0.002180089825972222,0.0004991430260113234
density-s-pg250-draw43,density,s-pg250,raw/density-s-pg250-draw43/measurements.json,sampled_pg,12.133539752343543,0.08241617351529101,0.003537067674239542,0.03417761322629908,0.0022426973853652047,0.0005134725381476197
density-s-pg250-draw43,density,s-pg250,raw/density-s-pg250-draw43/measurements.json,student_topk,72.55986696644943,0.013781722983046009,0.003527864969883821,0.03417664782287549,0.0022388422787336876,0.0005128599522302945
density-s-pg250-draw43,density,s-pg250,raw/density-s-pg250-draw43/measurements.json,topk_intersection,72.60207271255787,0.013773711257327785,0.003527712054556658,0.03417706939443926,0.002238780090220259,0.0005128884310822385
density-s-pg250-draw43,density,s-pg250,raw/density-s-pg250-draw43/measurements.json,teacher_topk,72.58588734225374,0.013776782551518067,0.003527826435138964,0.03417847904462724,0.0022388910996227343,0.0005128977302991997
density-s-pg250-draw43,density,s-pg250,raw/density-s-pg250-draw43/measurements.json,full_vocab,72.62975842416931,0.013768460861337038,0.003527859304813921,0.03417679873080396,0.002238800432257362,0.0005128715762514961
density-s-pg250-draw43,density,s-pg250,raw/density-s-pg250-draw43/measurements.json,sampled_pg_draw1,12.13208704682187,0.0824260420910777,0.0035369891603525957,0.03417685060898297,0.002242641008862377,0.0005134260420628133
density-s-pg250-draw43,density,s-pg250,raw/density-s-pg250-draw43/measurements.json,sampled_pg_draw2,112.57150208931942,0.008883242850604508,0.003520372856785949,0.034143041385115064,0.0022353312431297387,0.0005120730059949448
density-s-pg250-draw43,density,s-pg250,raw/density-s-pg250-draw43/measurements.json,sampled_pg_draw3,26.30968287042579,0.03800881853711974,0.0035381875712040055,0.034204233326030904,0.0022434680579708722,0.000513868336069535
density-s-pg250-draw44,density,s-pg250,raw/density-s-pg250-draw44/measurements.json,zero_gradient,0.0,1.0,0.003416938272290663,0.03386250249229293,0.002180089825972222,0.0004991430260113234
density-s-pg250-draw44,density,s-pg250,raw/density-s-pg250-draw44/measurements.json,sampled_pg,1.3062461251699857,0.7655519240816451,0.0035451578896310374,0.03420680124762224,0.0022489615703907575,0.0005148511470621319
density-s-pg250-draw44,density,s-pg250,raw/density-s-pg250-draw44/measurements.json,student_topk,3.9119662711904297,0.2556258605138318,0.003565366803200133,0.034301557641723636,0.0022591238709262734,0.000517479338255818
density-s-pg250-draw44,density,s-pg250,raw/density-s-pg250-draw44/measurements.json,topk_intersection,4.800116504885494,0.20832823341974724,0.0035580823118225506,0.03427057842235459,0.00225536640607285,0.0005164721168186978
density-s-pg250-draw44,density,s-pg250,raw/density-s-pg250-draw44/measurements.json,teacher_topk,4.769607560234042,0.20966081123246946,0.003558436434109253,0.034271221970793034,0.0022555721512481186,0.000516524424914105
density-s-pg250-draw44,density,s-pg250,raw/density-s-pg250-draw44/measurements.json,full_vocab,3.6629364267280278,0.2730049366126531,0.0035664714973645075,0.034314192500620885,0.002260065997844665,0.0005177862124155408
density-s-pg250-draw44,density,s-pg250,raw/density-s-pg250-draw44/measurements.json,sampled_pg_draw1,1.3059990435502138,0.7656967585403848,0.0035451153729851633,0.03420552026024475,0.002248966801200298,0.0005148645146865138
density-s-pg250-draw44,density,s-pg250,raw/density-s-pg250-draw44/measurements.json,sampled_pg_draw2,1.306189985747627,0.7655848271128807,0.0035451782906611704,0.034206879735923894,0.002249037126528568,0.0005148767199087754
density-s-pg250-draw44,density,s-pg250,raw/density-s-pg250-draw44/measurements.json,sampled_pg_draw3,1.306145457446772,0.7656109269360033,0.0035452096681046347,0.03420687344565629,0.0022490138784861647,0.0005148836943214964
density-s-pg250-draw45,density,s-pg250,raw/density-s-pg250-draw45/measurements.json,zero_gradient,0.0,1.0,0.003416938272290663,0.03386250249229293,0.002180089825972222,0.0004991430260113234
density-s-pg250-draw45,density,s-pg250,raw/density-s-pg250-draw45/measurements.json,sampled_pg,209.12668738132226,0.004781790443583159,0.003489059442050478,0.03408250424959188,0.0022155762190975863,0.000507868597526319
density-s-pg250-draw45,density,s-pg250,raw/density-s-pg250-draw45/measurements.json,student_topk,13.845826581600363,0.0722239240743467,0.003542763469031026,0.0343210792564596,0.0022425788203489483,0.0005151307047720308
density-s-pg250-draw45,density,s-pg250,raw/density-s-pg250-draw45/measurements.json,topk_intersection,13.888344452644565,0.0720028172837236,0.003540680485452898,0.0343146155455853,0.0022415663681022873,0.0005148796259140759
density-s-pg250-draw45,density,s-pg250,raw/density-s-pg250-draw45/measurements.json,teacher_topk,13.887299698968262,0.07200823411811726,0.0035406137273677404,0.03431382617207955,0.0022415047607899185,0.0005148412666441105
density-s-pg250-draw45,density,s-pg250,raw/density-s-pg250-draw45/measurements.json,full_vocab,13.840585592151601,0.07225127297473481,0.003542952538726917,0.034322805392252076,0.002242714821397007,0.0005151469784017131
density-s-pg250-draw45,density,s-pg250,raw/density-s-pg250-draw45/measurements.json,sampled_pg_draw1,81.37372255047156,0.012288979247456411,0.0035182844054175134,0.03423638769265405,0.002230497975114105,0.0005117818242638442
density-s-pg250-draw45,density,s-pg250,raw/density-s-pg250-draw45/measurements.json,sampled_pg_draw2,5.881769613042282,0.17001683094927103,0.0034935966726072493,0.03409623527275279,0.0022185880029909257,0.0005083039171203197
density-s-pg250-draw45,density,s-pg250,raw/density-s-pg250-draw45/measurements.json,sampled_pg_draw3,370.54695963592974,0.002698713270468628,0.0034764516762807547,0.03401634365644009,0.002210186160466395,0.0005061011651026128
density-m-i64dr250-draw42,density,m-i64dr250,raw/density-m-i64dr250-draw42/measurements.json,zero_gradient,0.0,1.0,0.0035909957149928987,0.04150569384995101,0.0024942661958138345,0.0006225732763417803
density-m-i64dr250-draw42,density,m-i64dr250,raw/density-m-i64dr250-draw42/measurements.json,sampled_pg,128.70633828976014,0.007769625066786123,0.003787851984665665,0.042298949674874235,0.002607126142464599,0.0006527515601854249
density-m-i64dr250-draw42,density,m-i64dr250,raw/density-m-i64dr250-draw42/measurements.json,student_topk,100.68335958430767,0.009932127753747806,0.0037662646698397233,0.04216902172919053,0.0025920486245639782,0.0006488970347549678
density-m-i64dr250-draw42,density,m-i64dr250,raw/density-m-i64dr250-draw42/measurements.json,topk_intersection,100.21281362421956,0.00997876373146313,0.003764208200674876,0.042156510854510686,0.002590590391104235,0.0006484994932298725
density-m-i64dr250-draw42,density,m-i64dr250,raw/density-m-i64dr250-draw42/measurements.json,teacher_topk,99.61193090891206,0.010038957992647186,0.0037640409547499342,0.042157066836211655,0.0025903985947544083,0.0006484326551079632
density-m-i64dr250-draw42,density,m-i64dr250,raw/density-m-i64dr250-draw42/measurements.json,full_vocab,100.34056836490372,0.009966058657324818,0.0037642957387711853,0.042152234918320444,0.0025908246151314478,0.0006483716289966547
density-m-i64dr250-draw42,density,m-i64dr250,raw/density-m-i64dr250-draw42/measurements.json,sampled_pg_draw1,158.07316499209622,0.006326184420510694,0.0037662336947154765,0.042139800509906185,0.0025921852068130974,0.0006485041428383532
density-m-i64dr250-draw42,density,m-i64dr250,raw/density-m-i64dr250-draw42/measurements.json,sampled_pg_draw2,157.46215217129443,0.006350732413217765,0.003761704607206342,0.04211885081026108,0.002589153080882655,0.0006477125469945229
density-m-i64dr250-draw42,density,m-i64dr250,raw/density-m-i64dr250-draw42/measurements.json,sampled_pg_draw3,66.75844543694866,0.014979377942002738,0.0037489776989525834,0.04208897831996134,0.0025836316708118855,0.000645862002819225
density-m-i64dr250-draw43,density,m-i64dr250,raw/density-m-i64dr250-draw43/measurements.json,zero_gradient,0.0,1.0,0.0035909957149928987,0.04150569384995101,0.0024942661958138345,0.0006225732763417803
density-m-i64dr250-draw43,density,m-i64dr250,raw/density-m-i64dr250-draw43/measurements.json,sampled_pg,158.32365350562603,0.0063161755779485565,0.0037756492729014925,0.04224000390625075,0.002597910618455955,0.0006503465501988098
density-m-i64dr250-draw43,density,m-i64dr250,raw/density-m-i64dr250-draw43/measurements.json,student_topk,68.5445337642049,0.01458905518054835,0.003822012843345926,0.04268351752997254,0.002631585407877047,0.0006611528215088954
density-m-i64dr250-draw43,density,m-i64dr250,raw/density-m-i64dr250-draw43/measurements.json,topk_intersection,53.91491414818591,0.0185477431848216,0.0038140331297225488,0.04251312916728788,0.002621208062949301,0.000657755120111662
density-m-i64dr250-draw43,density,m-i64dr250,raw/density-m-i64dr250-draw43/measurements.json,teacher_topk,43.77557722929328,0.02284378734558509,0.003785217218377806,0.04235019964194576,0.0026039277930309736,0.0006527201753281805
density-m-i64dr250-draw43,density,m-i64dr250,raw/density-m-i64dr250-draw43/measurements.json,full_vocab,80.08860541592095,0.01248617056472103,0.00373671504451607,0.042030773788439675,0.002568926702790777,0.0006425811228350679
density-m-i64dr250-draw43,density,m-i64dr250,raw/density-m-i64dr250-draw43/measurements.json,sampled_pg_draw1,372.4359067667472,0.0026850257430770874,0.0037423807819190144,0.042166270395463244,0.0025800119506097013,0.0006460834404231158
density-m-i64dr250-draw43,density,m-i64dr250,raw/density-m-i64dr250-draw43/measurements.json,sampled_pg_draw2,322.08211593024134,0.0031047982717295245,0.003727034964798408,0.04197853771200672,0.0025688958991345926,0.0006420499050661539
density-m-i64dr250-draw43,density,m-i64dr250,raw/density-m-i64dr250-draw43/measurements.json,sampled_pg_draw3,238.83514126458925,0.004186988524880346,0.0037707755054511493,0.042361190540728566,0.0025996443412181765,0.0006518431429285183
density-m-i64dr250-draw44,density,m-i64dr250,raw/density-m-i64dr250-draw44/measurements.json,zero_gradient,0.0,1.0,0.0035909957149928987,0.04150569384995101,0.0024942661958138345,0.0006225732763417803
density-m-i64dr250-draw44,density,m-i64dr250,raw/density-m-i64dr250-draw44/measurements.json,sampled_pg,446.1167193751097,0.002241565837656044,0.0037801581468451225,0.042387227157048464,0.0026040068363751443,0.0006527294745451418
density-m-i64dr250-draw44,density,m-i64dr250,raw/density-m-i64dr250-draw44/measurements.json,student_topk,154.31082302606467,0.006480426802925308,0.003827819431266152,0.042577959222692675,0.0026356834565516777,0.0006609029050530606
density-m-i64dr250-draw44,density,m-i64dr250,raw/density-m-i64dr250-draw44/measurements.json,topk_intersection,136.12934159655154,0.007345954817130897,0.003825596193819637,0.0425115406147432,0.002632505449155155,0.0006597800246049842
density-m-i64dr250-draw44,density,m-i64dr250,raw/density-m-i64dr250-draw44/measurements.json,teacher_topk,130.19088563011601,0.007681029186329222,0.003806246490459223,0.042418929553676626,0.002621135412816791,0.0006567048897960957
density-m-i64dr250-draw44,density,m-i64dr250,raw/density-m-i64dr250-draw44/measurements.json,full_vocab,153.3984144063009,0.006518972163769331,0.003777328211209643,0.042159990043299775,0.0025949633478802845,0.0006495276379051557
density-m-i64dr250-draw44,density,m-i64dr250,raw/density-m-i64dr250-draw44/measurements.json,sampled_pg_draw1,394.5758279163892,0.0025343671018730864,0.0037138545537468716,0.041984927392977704,0.002561450132353895,0.0006406003896223119
density-m-i64dr250-draw44,density,m-i64dr250,raw/density-m-i64dr250-draw44/measurements.json,sampled_pg_draw2,283.0844813155055,0.0035325143639822415,0.0036766669414919923,0.04184712269825981,0.0025398765302047494,0.0006345378813646073
density-m-i64dr250-draw44,density,m-i64dr250,raw/density-m-i64dr250-draw44/measurements.json,sampled_pg_draw3,496.84885719601687,0.0020126845085864722,0.0038090426401433367,0.04243594438909029,0.0026207221788630735,0.0006567107018066965
density-m-i64dr250-draw45,density,m-i64dr250,raw/density-m-i64dr250-draw45/measurements.json,zero_gradient,0.0,1.0,0.0035909957149928987,0.04150569384995101,0.0024942661958138345,0.0006225732763417803
density-m-i64dr250-draw45,density,m-i64dr250,raw/density-m-i64dr250-draw45/measurements.json,sampled_pg,92.61444647903625,0.010797451447587108,0.0036995368289770947,0.04187073509654328,0.0025533452835710658,0.0006379088475130769
density-m-i64dr250-draw45,density,m-i64dr250,raw/density-m-i64dr250-draw45/measurements.json,student_topk,26.283490372282916,0.03804669576944193,0.0037062762095264328,0.04207669537499684,0.0025581076450573695,0.0006406428172996978
density-m-i64dr250-draw45,density,m-i64dr250,raw/density-m-i64dr250-draw45/measurements.json,topk_intersection,24.500547387577804,0.040815412952430775,0.003697573995304318,0.041995812559776975,0.0025516284156395868,0.0006386254684201568
density-m-i64dr250-draw45,density,m-i64dr250,raw/density-m-i64dr250-draw45/measurements.json,teacher_topk,13.151300884005154,0.07603809940795427,0.0037273140899099803,0.042130643029582,0.002569184756061453,0.000643443625208228
density-m-i64dr250-draw45,density,m-i64dr250,raw/density-m-i64dr250-draw45/measurements.json,full_vocab,39.1166477349117,0.025564562209223658,0.0036759960932183132,0.041903677953699404,0.0025424198660436636,0.0006356764542413059
density-m-i64dr250-draw45,density,m-i64dr250,raw/density-m-i64dr250-draw45/measurements.json,sampled_pg_draw1,103.23669159775724,0.00968647846842901,0.0037112088278953405,0.0419929169889154,0.0025608503328598915,0.0006400604538374967
density-m-i64dr250-draw45,density,m-i64dr250,raw/density-m-i64dr250-draw45/measurements.json,sampled_pg_draw2,99.08712189126473,0.010092128732987538,0.003727637109036565,0.042058384483162764,0.00257009782292684,0.0006428984586138721
density-m-i64dr250-draw45,density,m-i64dr250,raw/density-m-i64dr250-draw45/measurements.json,sampled_pg_draw3,77.96403034728219,0.01282642755536345,0.0036731356512166753,0.041845941618578304,0.0025413277892517715,0.0006348999696250377
density-s-i64250-draw42,density,s-i64250,raw/density-s-i64250-draw42/measurements.json,zero_gradient,0.0,1.0,0.004559069667655539,0.047240189326804245,0.002989797638437815,0.0007802723035767318
density-s-i64250-draw42,density,s-i64250,raw/density-s-i64250-draw42/measurements.json,sampled_pg,595.4840885238059,0.0016793059925407506,0.0046797227510019445,0.047732705695933624,0.0030510329821279466,0.0007983988022385373
density-s-i64250-draw42,density,s-i64250,raw/density-s-i64250-draw42/measurements.json,student_topk,77.32435770207309,0.012932535319858912,0.004684181020057638,0.04781398288142157,0.0030577632904036844,0.0008004934508590691
density-s-i64250-draw42,density,s-i64250,raw/density-s-i64250-draw42/measurements.json,topk_intersection,71.35156904676782,0.014015108558151473,0.0046745416333219434,0.04777390829907518,0.003052716140397941,0.0007992264325480926
density-s-i64250-draw42,density,s-i64250,raw/density-s-i64250-draw42/measurements.json,teacher_topk,70.37880746321154,0.014208822539567727,0.004674309768561445,0.047773558981314454,0.003052896893927626,0.0007992642106169979
density-s-i64250-draw42,density,s-i64250,raw/density-s-i64250-draw42/measurements.json,full_vocab,94.8659524455125,0.010541189580457471,0.0046842116763799535,0.04776718000728542,0.0030556186584919853,0.0007995937516180637
density-s-i64250-draw42,density,s-i64250,raw/density-s-i64250-draw42/measurements.json,sampled_pg_draw1,47.58552505619817,0.021014793423088506,0.004627078073884093,0.04747033675125543,0.003023230648217913,0.0007896639315065802
density-s-i64250-draw42,density,s-i64250,raw/density-s-i64250-draw42/measurements.json,sampled_pg_draw2,1415.3251548666265,0.0007065514209614142,0.004675776188417932,0.04779491345890183,0.003054238305974293,0.0007995292383003947
density-s-i64250-draw42,density,s-i64250,raw/density-s-i64250-draw42/measurements.json,sampled_pg_draw3,56.312636181442215,0.01775800335505419,0.004603405422122226,0.047347227087513793,0.0030092667115484075,0.0007854589418368944
density-s-i64250-draw43,density,s-i64250,raw/density-s-i64250-draw43/measurements.json,zero_gradient,0.0,1.0,0.004559069667655539,0.047240189326804245,0.002989797638437815,0.0007802723035767318
density-s-i64250-draw43,density,s-i64250,raw/density-s-i64250-draw43/measurements.json,sampled_pg,0.06443643534981648,1.0,0.004559906122407921,0.04724532761252673,0.00299033524941839,0.0007804873479689618
density-s-i64250-draw43,density,s-i64250,raw/density-s-i64250-draw43/measurements.json,student_topk,5.699142491203456,0.17546496268140735,0.004648191347082424,0.047521268255103576,0.0030365779305626724,0.0007932598224653013
density-s-i64250-draw43,density,s-i64250,raw/density-s-i64250-draw43/measurements.json,topk_intersection,5.699683385930859,0.17544831122025054,0.004648231171643351,0.047520734272848475,0.0030366058282135563,0.0007932540104547004
density-s-i64250-draw43,density,s-i64250,raw/density-s-i64250-draw43/measurements.json,teacher_topk,5.704605194999214,0.1752969382665928,0.004648184585714012,0.04751969589753458,0.003036595947795535,0.0007932476172430395
density-s-i64250-draw43,density,s-i64250,raw/density-s-i64250-draw43/measurements.json,full_vocab,5.705106902101546,0.17528152265650188,0.004648140486734046,0.047520836367414804,0.0030365041180280424,0.0007932319248144174
density-s-i64250-draw43,density,s-i64250,raw/density-s-i64250-draw43/measurements.json,sampled_pg_draw1,0.06442569303393321,1.0,0.004559906140917978,0.04724540061455819,0.0029903311810109694,0.0007804815359583609
density-s-i64250-draw43,density,s-i64250,raw/density-s-i64250-draw43/measurements.json,sampled_pg_draw2,0.06442097811772247,1.0,0.004559900747220099,0.04724535606901393,0.0029903265314024886,0.0007804815359583609
density-s-i64250-draw43,density,s-i64250,raw/density-s-i64250-draw43/measurements.json,sampled_pg_draw3,0.06443750089619935,1.0,0.0045599055249750985,0.04724525121000978,0.00299033757422263,0.0007804792111541206
density-s-i64250-draw44,density,s-i64250,raw/density-s-i64250-draw44/measurements.json,zero_gradient,0.0,1.0,0.004559069667655539,0.047240189326804245,0.002989797638437815,0.0007802723035767318
density-s-i64250-draw44,density,s-i64250,raw/density-s-i64250-draw44/measurements.json,sampled_pg,1684.9772811409466,0.000593479811626535,0.004686919521572062,0.04771213934372599,0.003058572903480377,0.0007996228116710678
density-s-i64250-draw44,density,s-i64250,raw/density-s-i64250-draw44/measurements.json,student_topk,196.73005224902184,0.005083107453512429,0.00465138875482178,0.047526378770399315,0.0030382087807372597,0.0007932458736398593
density-s-i64250-draw44,density,s-i64250,raw/density-s-i64250-draw44/measurements.json,topk_intersection,98.57070578186938,0.01014500182303588,0.004638749235252355,0.04740274813883092,0.0030310036311954358,0.0007903032526726694
density-s-i64250-draw44,density,s-i64250,raw/density-s-i64250-draw44/measurements.json,teacher_topk,60.77555021480733,0.016453984867460327,0.004636872679302575,0.04740416505811282,0.003031475566456222,0.0007904160056783251
density-s-i64250-draw44,density,s-i64250,raw/density-s-i64250-draw44/measurements.json,full_vocab,827.9969849372654,0.001207733864958497,0.00467331238853125,0.047641373367172966,0.003050029247897187,0.0007977106601834014
density-s-i64250-draw44,density,s-i64250,raw/density-s-i64250-draw44/measurements.json,sampled_pg_draw1,531.6100699254911,0.001881077983077106,0.004684134383661495,0.047759450342197675,0.0030595278168220903,0.0008002109871438698
density-s-i64250-draw44,density,s-i64250,raw/density-s-i64250-draw44/measurements.json,sampled_pg_draw2,1409.0647630562753,0.0007096905873377314,0.004688480799510713,0.04776429529832503,0.003060980238271232,0.0008005736566053603
density-s-i64250-draw44,density,s-i64250,raw/density-s-i64250-draw44/measurements.json,sampled_pg_draw3,639.0857697181816,0.0015647351980255107,0.004659525384795287,0.047599002467491935,0.003041972057601284,0.0007946424997872339
density-s-i64250-draw45,density,s-i64250,raw/density-s-i64250-draw45/measurements.json,zero_gradient,0.0,1.0,0.004559069667655539,0.047240189326804245,0.002989797638437815,0.0007802723035767318
density-s-i64250-draw45,density,s-i64250,raw/density-s-i64250-draw45/measurements.json,sampled_pg,27.990897367149863,0.03572589871476225,0.004637185364480424,0.04752541943964661,0.0030308623993378363,0.0007920096589850671
density-s-i64250-draw45,density,s-i64250,raw/density-s-i64250-draw45/measurements.json,student_topk,33.06944972322643,0.030239389470646607,0.004662471777710782,0.047651557659764254,0.0030448670200815472,0.0007962012810303711
density-s-i64250-draw45,density,s-i64250,raw/density-s-i64250-draw45/measurements.json,topk_intersection,33.104621435065646,0.03020726190010139,0.004661881507695086,0.04764551470609075,0.003044468897355392,0.0007960966648395565
density-s-i64250-draw45,density,s-i64250,raw/density-s-i64250-draw45/measurements.json,teacher_topk,32.884810618538765,0.03040917526303394,0.00466160139635535,0.04764524264739935,0.0030444072900430233,0.0007961053828554577
density-s-i64250-draw45,density,s-i64250,raw/density-s-i64250-draw45/measurements.json,full_vocab,32.82166853974357,0.030467676203646675,0.004663281190611867,0.04765866747728735,0.0030454964608296153,0.0007964221374332018
density-s-i64250-draw45,density,s-i64250,raw/density-s-i64250-draw45/measurements.json,sampled_pg_draw1,28.855028615544875,0.034656003245315564,0.004654683927529678,0.047586303174403974,0.003039516483122442,0.0007943228392041894
density-s-i64250-draw45,density,s-i64250,raw/density-s-i64250-draw45/measurements.json,sampled_pg_draw2,94.93292622083875,0.010533752927198159,0.004637910272379823,0.047587181139295075,0.0030308368264911926,0.0007928431013052232
density-s-i64250-draw45,density,s-i64250,raw/density-s-i64250-draw45/measurements.json,sampled_pg_draw3,28.86300934782963,0.034646420728432284,0.004654511180643938,0.04758697222603864,0.003039403148915726,0.0007943373692306914
teachers-m-pg250-draw42,teachers,m-pg250,raw/teachers-m-pg250-draw42/measurements.json,zero_gradient,0.0,1.0,0.0027722796568962543,0.025076689644376968,0.0018186612287449657,0.00035150342672425334
teachers-m-pg250-draw42,teachers,m-pg250,raw/teachers-m-pg250-draw42/measurements.json,routed/math/sampled_pg,38.494133553466256,0.02597798370063508,0.00290327198664369,0.02537116217889247,0.001883625558436577,0.000364850709069013
teachers-m-pg250-draw42,teachers,m-pg250,raw/teachers-m-pg250-draw42/measurements.json,routed/math/topk_intersection,889.5852690010195,0.0011241193325951249,0.0029777268749791573,0.02570589292589069,0.0019222440440747174,0.0003739139583999157
teachers-m-pg250-draw42,teachers,m-pg250,raw/teachers-m-pg250-draw42/measurements.json,routed/code/sampled_pg,0.00061492630119197,1.0,0.0027722869676281773,0.025076579116418442,0.0018186647159513262,0.0003515022643221332
teachers-m-pg250-draw42,teachers,m-pg250,raw/teachers-m-pg250-draw42/measurements.json,routed/code/topk_intersection,7.04853370770314,0.14187345901938014,0.0029305697047958784,0.02549170170454207,0.0019010714706570275,0.0003686232851499986
teachers-m-pg250-draw42,teachers,m-pg250,raw/teachers-m-pg250-draw42/measurements.json,routed/if/sampled_pg,342.62966843075543,0.002918603055191919,0.0028887097595933606,0.02535199662720741,0.0018781907473237598,0.00036335760354566497
teachers-m-pg250-draw42,teachers,m-pg250,raw/teachers-m-pg250-draw42/measurements.json,routed/if/topk_intersection,29.821318714819387,0.033533056536832626,0.0028896795373056345,0.025334105184435827,0.0018783459280068014,0.0003630443361742813
teachers-m-pg250-draw42,teachers,m-pg250,raw/teachers-m-pg250-draw42/measurements.json,routed/science/sampled_pg,394.8153487481172,0.002532829588915366,0.002926409856467351,0.02545470954891589,0.0018991163102909153,0.00036729291592347326
teachers-m-pg250-draw42,teachers,m-pg250,raw/teachers-m-pg250-draw42/measurements.json,routed/science/topk_intersection,189.94312540632674,0.005264733812271774,0.002940483506094002,0.02555923932379169,0.001906766078643701,0.00036940151336944705
teachers-m-pg250-draw42,teachers,m-pg250,raw/teachers-m-pg250-draw42/measurements.json,common/math/sampled_pg,167.4965033160691,0.005970273851882789,0.0029268655224281856,0.025452087057550653,0.0018990488909679459,0.0003672539754524478
teachers-m-pg250-draw42,teachers,m-pg250,raw/teachers-m-pg250-draw42/measurements.json,common/math/topk_intersection,234.53113574634915,0.004263826176229739,0.0029853576654093003,0.02574775583419444,0.001926474606591047,0.0003749897615621256
teachers-m-pg250-draw42,teachers,m-pg250,raw/teachers-m-pg250-draw42/measurements.json,common/code/sampled_pg,162.95602068159369,0.00613662502116025,0.0029274391822180688,0.025459278625812747,0.0018991726867937432,0.00036737254046870433
teachers-m-pg250-draw42,teachers,m-pg250,raw/teachers-m-pg250-draw42/measurements.json,common/code/topk_intersection,226.2277785690525,0.004420323630921576,0.002984654066008135,0.025745806959787856,0.0019260631162405096,0.0003749130430221949
teachers-m-pg250-draw42,teachers,m-pg250,raw/teachers-m-pg250-draw42/measurements.json,common/if/sampled_pg,148.74433826052348,0.0067229449199308015,0.002931578701363915,0.025470370301087737,0.0019019723323001531,0.000367850868941151
teachers-m-pg250-draw42,teachers,m-pg250,raw/teachers-m-pg250-draw42/measurements.json,common/if/topk_intersection,202.2515052907105,0.004944338948767228,0.0029854278179534,0.02574671713849009,0.001926489717818609,0.0003749694195250228
teachers-m-pg250-draw42,teachers,m-pg250,raw/teachers-m-pg250-draw42/measurements.json,common/science/sampled_pg,145.48298787452603,0.006873655866820724,0.0029275977570253084,0.02546138946034672,0.0018993935431965737,0.00036748296867011973
teachers-m-pg250-draw42,teachers,m-pg250,raw/teachers-m-pg250-draw42/measurements.json,common/science/topk_intersection,230.34542764555604,0.004341306037111549,0.0029835324440466563,0.02573664820533373,0.0019252918624337821,0.00037473461429675007
teachers-m-pg500-draw42,teachers,m-pg500,raw/teachers-m-pg500-draw42/measurements.json,zero_gradient,0.0,1.0,0.0024014030993843487,0.03320595144472139,0.0016236554866644766,0.00036317452521173946
teachers-m-pg500-draw42,teachers,m-pg500,raw/teachers-m-pg500-draw42/measurements.json,routed/math/sampled_pg,0.012079242632250858,1.0,0.0024016336239859096,0.03320836356890056,0.0016237542908446904,0.00036319254244460196
teachers-m-pg500-draw42,teachers,m-pg500,raw/teachers-m-pg500-draw42/measurements.json,routed/math/topk_intersection,0.19131945934706482,1.0,0.0024101357281775477,0.03326112444914301,0.0016281307348271,0.0003643096108820776
teachers-m-pg500-draw42,teachers,m-pg500,raw/teachers-m-pg500-draw42/measurements.json,routed/code/sampled_pg,0.4119902556079068,1.0,0.0024272591701757808,0.03335497732889181,0.001638336625442122,0.0003669982469860122
teachers-m-pg500-draw42,teachers,m-pg500,raw/teachers-m-pg500-draw42/measurements.json,routed/code/topk_intersection,55.010717062040904,0.018178275711147843,0.002517901205491181,0.03387136073077553,0.0016914438723070213,0.00038034029852123107
teachers-m-pg500-draw42,teachers,m-pg500,raw/teachers-m-pg500-draw42/measurements.json,routed/if/sampled_pg,507.9164828053353,0.001968827616122932,0.002590368032996358,0.033961314322788955,0.0017285907568610366,0.0003878389545983958
teachers-m-pg500-draw42,teachers,m-pg500,raw/teachers-m-pg500-draw42/measurements.json,routed/if/topk_intersection,195.15676045952597,0.005124085850376199,0.0026175948613022175,0.034107839393603914,0.0017443006215150255,0.0003919788497493526
teachers-m-pg500-draw42,teachers,m-pg500,raw/teachers-m-pg500-draw42/measurements.json,routed/science/sampled_pg,7.961392251676703,0.1256061556549032,0.002516785595420231,0.03378264566706159,0.0016868523839323815,0.0003790866478346364
teachers-m-pg500-draw42,teachers,m-pg500,raw/teachers-m-pg500-draw42/measurements.json,routed/science/topk_intersection,54.97671756972956,0.018189517781634294,0.002514540530739458,0.033770458935300146,0.0016853749708376556,0.00037872223476996563
teachers-m-pg500-draw42,teachers,m-pg500,raw/teachers-m-pg500-draw42/measurements.json,common/math/sampled_pg,147.5065421281255,0.006779360283234291,0.002586830101919763,0.033947961549592016,0.0017267657855323823,0.0003873367968824859
teachers-m-pg500-draw42,teachers,m-pg500,raw/teachers-m-pg500-draw42/measurements.json,common/math/topk_intersection,55.72680470643522,0.017944685458339882,0.0026125910331595355,0.034091363955327025,0.0017424547269482083,0.00039160746227196087
teachers-m-pg500-draw42,teachers,m-pg500,raw/teachers-m-pg500-draw42/measurements.json,common/code/sampled_pg,134.91158502457154,0.007412261833597222,0.002590653610449346,0.033964665105347465,0.0017287860404172238,0.0003878924250959233
teachers-m-pg500-draw42,teachers,m-pg500,raw/teachers-m-pg500-draw42/measurements.json,common/code/topk_intersection,64.23495462272254,0.015567847604245235,0.0026115691735563644,0.03411056378052308,0.001741878756697668,0.00039158712023485803
teachers-m-pg500-draw42,teachers,m-pg500,raw/teachers-m-pg500-draw42/measurements.json,common/if/sampled_pg,127.04658304378975,0.007871128590559549,0.0025903225276058834,0.0339606441995528,0.0017285907568610366,0.0003878029201326708
teachers-m-pg500-draw42,teachers,m-pg500,raw/teachers-m-pg500-draw42/measurements.json,common/if/topk_intersection,51.01682636818764,0.019601375694788228,0.0026173414926971054,0.03410441848812525,0.0017441582272553057,0.00039198466175995343
teachers-m-pg500-draw42,teachers,m-pg500,raw/teachers-m-pg500-draw42/measurements.json,common/science/sampled_pg,110.42977071397158,0.009055528998014581,0.0025849178533598693,0.03394145910743973,0.0017258463254553344,0.0003871444193315991
teachers-m-pg500-draw42,teachers,m-pg500,raw/teachers-m-pg500-draw42/measurements.json,common/science/topk_intersection,55.59290852730786,0.017987905445186112,0.002613466987853816,0.034123262616206684,0.0017427209170337253,0.00039182192546313076
normalization-m-pg500-draw42-quota1234-uniform,normalization,m-pg500,raw/normalization-m-pg500-draw42-quota1234-uniform/measurements.json,zero_gradient,0.0,1.0,0.0024014030993843487,0.03320595144472139,0.0016236554866644766,0.00036317452521173946
normalization-m-pg500-draw42-quota1234-uniform,normalization,m-pg500,raw/normalization-m-pg500-draw42-quota1234-uniform/measurements.json,DR,8.668679266029827,0.11535781333621509,0.0026215488100550543,0.03465936878086549,0.001752320614943083,0.00039621871148264336
normalization-m-pg500-draw42-quota1234-uniform,normalization,m-pg500,raw/normalization-m-pg500-draw42-quota1234-uniform/measurements.json,DT,7.511159585245768,0.13313521774042586,0.002629982163307452,0.03464864769798581,0.001754697146077754,0.0003966952963519097
normalization-m-pg500-draw42-quota1234-uniform,normalization,m-pg500,raw/normalization-m-pg500-draw42-quota1234-uniform/measurements.json,GT,6.173284587124068,0.16198829389745878,0.002630052222866207,0.034718986237928344,0.0017592607368015097,0.00039771588541341195
normalization-m-pg500-draw42-long2048,normalization,m-pg500,raw/normalization-m-pg500-draw42-long2048/measurements.json,zero_gradient,0.0,1.0,0.0024014030993843487,0.03320595144472139,0.0016236554866644766,0.00036317452521173946
normalization-m-pg500-draw42-long2048,normalization,m-pg500,raw/normalization-m-pg500-draw42-long2048/measurements.json,DR,9.64447833451332,0.10368626084577143,0.002585332951155583,0.03444084516988556,0.0017348898139501942,0.000391637103526025
normalization-m-pg500-draw42-long2048,normalization,m-pg500,raw/normalization-m-pg500-draw42-long2048/measurements.json,DT,6.209995221008358,0.1610306938057401,0.0025964301195017378,0.034436650585458174,0.0017374337309901688,0.00039245078501013835
normalization-m-pg500-draw42-long2048,normalization,m-pg500,raw/normalization-m-pg500-draw42-long2048/measurements.json,GT,4.008281183063059,0.24948343313389615,0.0026189673121962674,0.03459500921283426,0.0017523543246045676,0.0003959740258363493
normalization-m-pg250-draw42,normalization,m-pg250,raw/normalization-m-pg250-draw42/measurements.json,zero_gradient,0.0,1.0,0.0027722796568962543,0.025076689644376968,0.0018186612287449657,0.00035150342672425334
normalization-m-pg250-draw42,normalization,m-pg250,raw/normalization-m-pg250-draw42/measurements.json,DR,14.969285032643807,0.06680345327220558,0.0029670504958814437,0.025702917812995402,0.0019254005470320172,0.00037262892285607667
normalization-m-pg250-draw42,normalization,m-pg250,raw/normalization-m-pg250-draw42/measurements.json,DT,8.761872572492324,0.11413084104973556,0.0030304288984331932,0.02609401579807577,0.001960990975147136,0.00038197870430959935
normalization-m-pg250-draw42,normalization,m-pg250,raw/normalization-m-pg250-draw42/measurements.json,GT,7.979527698983356,0.12532068468246835,0.003047403334520557,0.026181746970964457,0.001968026995180476,0.00038427038008949864
normalization-m-pg250-draw43,normalization,m-pg250,raw/normalization-m-pg250-draw43/measurements.json,zero_gradient,0.0,1.0,0.0027722796568962543,0.025076689644376968,0.0018186612287449657,0.00035150342672425334
normalization-m-pg250-draw43,normalization,m-pg250,raw/normalization-m-pg250-draw43/measurements.json,DR,8.17718247082566,0.1222914960350069,0.003065208279861633,0.0262395003178835,0.0019735309692194432,0.0003869805206326562
normalization-m-pg250-draw43,normalization,m-pg250,raw/normalization-m-pg250-draw43/measurements.json,DT,8.154553467585556,0.12263085665501544,0.003056924609370867,0.026204171517556128,0.001969251585814067,0.00038595993157115405
normalization-m-pg250-draw43,normalization,m-pg250,raw/normalization-m-pg250-draw43/measurements.json,GT,7.929225581177181,0.1261157049508275,0.003053459871959585,0.0262100398744181,0.0019678723956984947,0.0003856472454008305
normalization-m-pg500-draw42,normalization,m-pg500,raw/normalization-m-pg500-draw42/measurements.json,zero_gradient,0.0,1.0,0.0024014030993843487,0.03320595144472139,0.0016236554866644766,0.00036317452521173946
normalization-m-pg500-draw42,normalization,m-pg500,raw/normalization-m-pg500-draw42/measurements.json,DR,10.374434475733478,0.0963907869820068,0.002601180075565091,0.03455996189307032,0.0017449742335436593,0.0003943838597359677
normalization-m-pg500-draw42,normalization,m-pg500,raw/normalization-m-pg500-draw42/measurements.json,DT,8.571192590336695,0.11666986510810076,0.0026134790068125567,0.03459740593418986,0.0017513000258815806,0.0003959379913706242
normalization-m-pg500-draw42,normalization,m-pg500,raw/normalization-m-pg500-draw42/measurements.json,GT,7.543458171280484,0.13256517696910294,0.0026270711317393503,0.03467102797294218,0.0017570033518841553,0.0003975124650423836
normalization-m-pg500-draw43,normalization,m-pg500,raw/normalization-m-pg500-draw43/measurements.json,zero_gradient,0.0,1.0,0.0024014030993843487,0.03320595144472139,0.0016236554866644766,0.00036317452521173946
normalization-m-pg500-draw43,normalization,m-pg500,raw/normalization-m-pg500-draw43/measurements.json,DR,6.180058531191361,0.16181073903138032,0.0027585203180255156,0.035183169927160036,0.0018055121359616937,0.00041080104608007506
normalization-m-pg500-draw43,normalization,m-pg500,raw/normalization-m-pg500-draw43/measurements.json,DT,6.169224875804326,0.1620948916657429,0.002756713988005037,0.0351673909599598,0.0018042956821429444,0.0004103907181316579
normalization-m-pg500-draw43,normalization,m-pg500,raw/normalization-m-pg500-draw43/measurements.json,GT,6.169466260386015,0.16208854959341035,0.0027641275958154195,0.035199011608351476,0.0018075196044232136,0.00041139619596559793
normalization-m-pg500-draw42-quota1234-prompt,normalization,m-pg500,raw/normalization-m-pg500-draw42-quota1234-prompt/measurements.json,zero_gradient,0.0,1.0,0.0024014030993843487,0.03320595144472139,0.0016236554866644766,0.00036317452521173946
normalization-m-pg500-draw42-quota1234-prompt,normalization,m-pg500,raw/normalization-m-pg500-draw42-quota1234-prompt/measurements.json,DR,8.530773802583255,0.11722264661085463,0.002604859236873869,0.034591291596861584,0.0017471293270744396,0.0003946924774988707
normalization-m-pg500-draw42-quota1234-prompt,normalization,m-pg500,raw/normalization-m-pg500-draw42-quota1234-prompt/measurements.json,DT,6.791453241220045,0.14724386920412438,0.0026210213463727676,0.034642545651589154,0.0017550121570523178,0.00039653895326674797
normalization-m-pg500-draw42-quota1234-prompt,normalization,m-pg500,raw/normalization-m-pg500-draw42-quota1234-prompt/measurements.json,GT,6.171707069744981,0.16202969886119722,0.0026301831856024014,0.03472170030372159,0.0017592804976375525,0.0003977350650483946
teachers-m-pg250-draw43,teachers,m-pg250,raw/teachers-m-pg250-draw43/measurements.json,zero_gradient,0.0,1.0,0.0027722796568962543,0.025076689644376968,0.0018186612287449657,0.00035150342672425334
teachers-m-pg250-draw43,teachers,m-pg250,raw/teachers-m-pg250-draw43/measurements.json,routed/math/sampled_pg,201.21815676005926,0.004969730421607581,0.0029133299308043317,0.025419525433102788,0.0018917368004310671,0.00036652049971462564
teachers-m-pg250-draw43,teachers,m-pg250,raw/teachers-m-pg250-draw43/measurements.json,routed/math/topk_intersection,45.64619834282656,0.021907628989863603,0.002915569147810709,0.025428934530948074,0.001892848056857942,0.0003666919540273495
teachers-m-pg250-draw43,teachers,m-pg250,raw/teachers-m-pg250-draw43/measurements.json,routed/code/sampled_pg,350.4553876884037,0.0028534302290016103,0.0029583457465918346,0.025511947332777524,0.0019138683555978905,0.0003708271995698257
teachers-m-pg250-draw43,teachers,m-pg250,raw/teachers-m-pg250-draw43/measurements.json,routed/code/topk_intersection,366.6109656109775,0.002727687088152853,0.0029600967913021767,0.02552061616160655,0.0019147860720717584,0.00037106723560763913
teachers-m-pg250-draw43,teachers,m-pg250,raw/teachers-m-pg250-draw43/measurements.json,routed/if/sampled_pg,249.20107485418163,0.004012823767202127,0.0029078394317010032,0.025406531323571457,0.0018888958896493913,0.00036530695190117656
teachers-m-pg250-draw43,teachers,m-pg250,raw/teachers-m-pg250-draw43/measurements.json,routed/if/topk_intersection,79.00035885741907,0.012658170188146151,0.0029143808530553887,0.025406198315796654,0.001893279308044522,0.0003658678109241547
teachers-m-pg250-draw43,teachers,m-pg250,raw/teachers-m-pg250-draw43/measurements.json,routed/science/sampled_pg,0.7775476372723911,1.0,0.0028752793124030584,0.025240655134217246,0.001870736262527161,0.00036103919251700197
teachers-m-pg250-draw43,teachers,m-pg250,raw/teachers-m-pg250-draw43/measurements.json,routed/science/topk_intersection,41.87252679572469,0.023882006954022563,0.0029222686333406855,0.025461966824241605,0.0018976185551590865,0.0003677416031418558
teachers-m-pg250-draw43,teachers,m-pg250,raw/teachers-m-pg250-draw43/measurements.json,common/math/sampled_pg,118.45049352793116,0.008442345504637768,0.0029610572344027516,0.025529178655357507,0.0019164262214633068,0.0003713671353546409
teachers-m-pg250-draw43,teachers,m-pg250,raw/teachers-m-pg250-draw43/measurements.json,common/math/topk_intersection,100.33430243491678,0.009966681042926298,0.0029649487311184056,0.02553316518605646,0.0019176990517848842,0.00037157404293202973
teachers-m-pg250-draw43,teachers,m-pg250,raw/teachers-m-pg250-draw43/measurements.json,common/code/sampled_pg,113.09538067618745,0.00884209403760784,0.002961025313240894,0.02552894478646111,0.0019164674867385727,0.00037135028052389854
teachers-m-pg250-draw43,teachers,m-pg250,raw/teachers-m-pg250-draw43/measurements.json,common/code/topk_intersection,95.33195375431724,0.010489662176519187,0.0029651285350717183,0.025536162375607643,0.001917963498267221,0.0003716571546836213
teachers-m-pg250-draw43,teachers,m-pg250,raw/teachers-m-pg250-draw43/measurements.json,common/if/sampled_pg,115.12636377292912,0.008686107669362808,0.002959692799316307,0.025526185603920906,0.0019157944559109988,0.00037121776668220006
teachers-m-pg250-draw43,teachers,m-pg250,raw/teachers-m-pg250-draw43/measurements.json,common/if/topk_intersection,95.78477570391553,0.01044007236234567,0.0029630782364196257,0.025532519286617462,0.0019167697112898148,0.00037155079488962646
teachers-m-pg250-draw43,teachers,m-pg250,raw/teachers-m-pg250-draw43/measurements.json,common/science/sampled_pg,108.67614174233184,0.009201651574724848,0.002961828205502848,0.02552959289324101,0.0019168318998032436,0.0003713613233440401
teachers-m-pg250-draw43,teachers,m-pg250,raw/teachers-m-pg250-draw43/measurements.json,common/science/topk_intersection,94.77675572548605,0.01055111015136788,0.0029647963955132294,0.02552917652195382,0.0019175659567421258,0.00037155079488962646
teachers-m-pg500-draw43,teachers,m-pg500,raw/teachers-m-pg500-draw43/measurements.json,zero_gradient,0.0,1.0,0.0024014030993843487,0.03320595144472139,0.0016236554866644766,0.00036317452521173946
teachers-m-pg500-draw43,teachers,m-pg500,raw/teachers-m-pg500-draw43/measurements.json,routed/math/sampled_pg,47.73754593893421,0.02094787152090572,0.002515709256625998,0.033837032451473084,0.0016886029615253454,0.00037995670582157765
teachers-m-pg500-draw43,teachers,m-pg500,raw/teachers-m-pg500-draw43/measurements.json,routed/math/topk_intersection,188.17663475724746,0.005314156010792035,0.0025198525095413704,0.033824470366892075,0.0016907185333840402,0.00038027171679614154
teachers-m-pg500-draw43,teachers,m-pg500,raw/teachers-m-pg500-draw43/measurements.json,routed/code/sampled_pg,1.5102738915856595,0.6621311163758311,0.0024832150196197273,0.03355978547920841,0.0016693187103518586,0.00037419525971299494
teachers-m-pg500-draw43,teachers,m-pg500,raw/teachers-m-pg500-draw43/measurements.json,routed/code/topk_intersection,29.35526003690393,0.03406544396736419,0.002500886236661252,0.033812280855867245,0.0016788143732714615,0.00037744068643248707
teachers-m-pg500-draw43,teachers,m-pg500,raw/teachers-m-pg500-draw43/measurements.json,routed/if/sampled_pg,20.283000105263824,0.04930236875747549,0.002502255665572877,0.03370040709497792,0.0016860468392631092,0.000378085819609177
teachers-m-pg500-draw43,teachers,m-pg500,raw/teachers-m-pg500-draw43/measurements.json,routed/if/topk_intersection,15.097301020686874,0.06623700040111562,0.002507589300312645,0.03372722216815797,0.0016908132691568333,0.000379126750707782
teachers-m-pg500-draw43,teachers,m-pg500,raw/teachers-m-pg500-draw43/measurements.json,routed/science/sampled_pg,0.5786924288830821,1.0,0.0024575392669129396,0.03349763485422479,0.0016546759308441784,0.0003709794742475669
teachers-m-pg500-draw43,teachers,m-pg500,raw/teachers-m-pg500-draw43/measurements.json,routed/science/topk_intersection,6.608234057691182,0.15132633619564145,0.002536725982840749,0.03390956145789697,0.0017013301023389986,0.00038256164897286054
teachers-m-pg500-draw43,teachers,m-pg500,raw/teachers-m-pg500-draw43/measurements.json,common/math/sampled_pg,13.301254222408032,0.07518087453245349,0.002512146848389165,0.03375212265887016,0.0016871493776740827,0.0003788256885586601
teachers-m-pg500-draw43,teachers,m-pg500,raw/teachers-m-pg500-draw43/measurements.json,common/math/topk_intersection,47.646197578595356,0.02098803324992314,0.0025204973945469975,0.033811630594118285,0.001691090502062492,0.000380275204002502
teachers-m-pg500-draw43,teachers,m-pg500,raw/teachers-m-pg500-draw43/measurements.json,common/code/sampled_pg,15.322441299708814,0.06526374715204533,0.002510816144097283,0.033794625373925344,0.0016858643421302439,0.00037917150318940825
teachers-m-pg500-draw43,teachers,m-pg500,raw/teachers-m-pg500-draw43/measurements.json,common/code/topk_intersection,39.058391216639684,0.02560269236002959,0.002524049473333811,0.03385635312644606,0.0016931799198734831,0.0003809168499728314
teachers-m-pg500-draw43,teachers,m-pg500,raw/teachers-m-pg500-draw43/measurements.json,common/if/sampled_pg,24.135148637318107,0.04143334576446073,0.002505337248541131,0.03378385478515138,0.001682771190088493,0.0003784560446844486
teachers-m-pg500-draw43,teachers,m-pg500,raw/teachers-m-pg500-draw43/measurements.json,common/if/topk_intersection,43.94520535643095,0.022755610518453283,0.002521915004142188,0.0338441654738724,0.0016920831934731102,0.0003805902149770659
teachers-m-pg500-draw43,teachers,m-pg500,raw/teachers-m-pg500-draw43/measurements.json,common/science/sampled_pg,22.11360078817467,0.045221036788984495,0.002503063390775675,0.03371577789516089,0.0016812095028400553,0.0003775249605861988
teachers-m-pg500-draw43,teachers,m-pg500,raw/teachers-m-pg500-draw43/measurements.json,common/science/topk_intersection,42.104416374345725,0.02375047708436648,0.002515375243596003,0.033778526687319836,0.001688393147942656,0.0003794777961480709
