job,kind,state,source,left,right,full_vocab_js
density-m-pg500-draw42,density,m-pg500,raw/density-m-pg500-draw42/measurements.json,math,student,0.07767347741616036
density-m-pg500-draw42,density,m-pg500,raw/density-m-pg500-draw42/measurements.json,code,student,0.08295398114741252
density-m-pg500-draw42,density,m-pg500,raw/density-m-pg500-draw42/measurements.json,if,student,0.07202940120441047
density-m-pg500-draw42,density,m-pg500,raw/density-m-pg500-draw42/measurements.json,science,student,0.07984573534045669
density-m-pg500-draw42,density,m-pg500,raw/density-m-pg500-draw42/measurements.json,math,code,0.001252587270290981
density-m-pg500-draw42,density,m-pg500,raw/density-m-pg500-draw42/measurements.json,math,if,0.0024708453734342676
density-m-pg500-draw42,density,m-pg500,raw/density-m-pg500-draw42/measurements.json,math,science,0.002135273998809814
density-m-pg500-draw42,density,m-pg500,raw/density-m-pg500-draw42/measurements.json,code,if,0.005648423550416672
density-m-pg500-draw42,density,m-pg500,raw/density-m-pg500-draw42/measurements.json,code,science,0.0005555575689617448
density-m-pg500-draw42,density,m-pg500,raw/density-m-pg500-draw42/measurements.json,if,science,0.006502981035968841
density-m-pg500-draw43,density,m-pg500,raw/density-m-pg500-draw43/measurements.json,math,student,0.05733212709124994
density-m-pg500-draw43,density,m-pg500,raw/density-m-pg500-draw43/measurements.json,code,student,0.0607738399140026
density-m-pg500-draw43,density,m-pg500,raw/density-m-pg500-draw43/measurements.json,if,student,0.061508369113412835
density-m-pg500-draw43,density,m-pg500,raw/density-m-pg500-draw43/measurements.json,science,student,0.06699515123280855
density-m-pg500-draw43,density,m-pg500,raw/density-m-pg500-draw43/measurements.json,math,code,0.003635038958595084
density-m-pg500-draw43,density,m-pg500,raw/density-m-pg500-draw43/measurements.json,math,if,0.007869762195945979
density-m-pg500-draw43,density,m-pg500,raw/density-m-pg500-draw43/measurements.json,math,science,0.006304502080644266
density-m-pg500-draw43,density,m-pg500,raw/density-m-pg500-draw43/measurements.json,code,if,0.006886526719702753
density-m-pg500-draw43,density,m-pg500,raw/density-m-pg500-draw43/measurements.json,code,science,0.01131193584142044
density-m-pg500-draw43,density,m-pg500,raw/density-m-pg500-draw43/measurements.json,if,science,0.014720750126949787
density-m-pg500-draw44,density,m-pg500,raw/density-m-pg500-draw44/measurements.json,math,student,0.029875054021548123
density-m-pg500-draw44,density,m-pg500,raw/density-m-pg500-draw44/measurements.json,code,student,0.028676994814963892
density-m-pg500-draw44,density,m-pg500,raw/density-m-pg500-draw44/measurements.json,if,student,0.029380587865841048
density-m-pg500-draw44,density,m-pg500,raw/density-m-pg500-draw44/measurements.json,science,student,0.030106228167284067
density-m-pg500-draw44,density,m-pg500,raw/density-m-pg500-draw44/measurements.json,math,code,0.002891650849644184
density-m-pg500-draw44,density,m-pg500,raw/density-m-pg500-draw44/measurements.json,math,if,0.007215077008651467
density-m-pg500-draw44,density,m-pg500,raw/density-m-pg500-draw44/measurements.json,math,science,0.0012179591427120497
density-m-pg500-draw44,density,m-pg500,raw/density-m-pg500-draw44/measurements.json,code,if,0.012455740972824415
density-m-pg500-draw44,density,m-pg500,raw/density-m-pg500-draw44/measurements.json,code,science,0.003742372765966495
density-m-pg500-draw44,density,m-pg500,raw/density-m-pg500-draw44/measurements.json,if,science,0.009523284540303004
density-m-pg500-draw45,density,m-pg500,raw/density-m-pg500-draw45/measurements.json,math,student,0.00891693542255798
density-m-pg500-draw45,density,m-pg500,raw/density-m-pg500-draw45/measurements.json,code,student,0.009927439927859905
density-m-pg500-draw45,density,m-pg500,raw/density-m-pg500-draw45/measurements.json,if,student,0.02077055383880689
density-m-pg500-draw45,density,m-pg500,raw/density-m-pg500-draw45/measurements.json,science,student,0.007638309273095233
density-m-pg500-draw45,density,m-pg500,raw/density-m-pg500-draw45/measurements.json,math,code,0.001453770233919657
density-m-pg500-draw45,density,m-pg500,raw/density-m-pg500-draw45/measurements.json,math,if,0.01174471863381624
density-m-pg500-draw45,density,m-pg500,raw/density-m-pg500-draw45/measurements.json,math,science,0.0011465791717302411
density-m-pg500-draw45,density,m-pg500,raw/density-m-pg500-draw45/measurements.json,code,if,0.017011014159123344
density-m-pg500-draw45,density,m-pg500,raw/density-m-pg500-draw45/measurements.json,code,science,0.0014302170974823784
density-m-pg500-draw45,density,m-pg500,raw/density-m-pg500-draw45/measurements.json,if,science,0.015848837600125315
density-m-pg250-draw42,density,m-pg250,raw/density-m-pg250-draw42/measurements.json,math,student,0.07727161100926082
density-m-pg250-draw42,density,m-pg250,raw/density-m-pg250-draw42/measurements.json,code,student,0.07446903482556011
density-m-pg250-draw42,density,m-pg250,raw/density-m-pg250-draw42/measurements.json,if,student,0.07195359936484959
density-m-pg250-draw42,density,m-pg250,raw/density-m-pg250-draw42/measurements.json,science,student,0.06552417455478829
density-m-pg250-draw42,density,m-pg250,raw/density-m-pg250-draw42/measurements.json,math,code,0.002389573814812416
density-m-pg250-draw42,density,m-pg250,raw/density-m-pg250-draw42/measurements.json,math,if,0.00979248102964879
density-m-pg250-draw42,density,m-pg250,raw/density-m-pg250-draw42/measurements.json,math,science,0.005874608043045951
density-m-pg250-draw42,density,m-pg250,raw/density-m-pg250-draw42/measurements.json,code,if,0.007357942328206477
density-m-pg250-draw42,density,m-pg250,raw/density-m-pg250-draw42/measurements.json,code,science,0.003639056389543393
density-m-pg250-draw42,density,m-pg250,raw/density-m-pg250-draw42/measurements.json,if,science,0.013102409913719585
density-m-pg250-draw43,density,m-pg250,raw/density-m-pg250-draw43/measurements.json,math,student,0.13131743699721968
density-m-pg250-draw43,density,m-pg250,raw/density-m-pg250-draw43/measurements.json,code,student,0.13185311857427906
density-m-pg250-draw43,density,m-pg250,raw/density-m-pg250-draw43/measurements.json,if,student,0.13185887305851143
density-m-pg250-draw43,density,m-pg250,raw/density-m-pg250-draw43/measurements.json,science,student,0.12370125436329242
density-m-pg250-draw43,density,m-pg250,raw/density-m-pg250-draw43/measurements.json,math,code,0.0020541176032347484
density-m-pg250-draw43,density,m-pg250,raw/density-m-pg250-draw43/measurements.json,math,if,0.023321813387296605
density-m-pg250-draw43,density,m-pg250,raw/density-m-pg250-draw43/measurements.json,math,science,0.008510306656059015
density-m-pg250-draw43,density,m-pg250,raw/density-m-pg250-draw43/measurements.json,code,if,0.021917285035797523
density-m-pg250-draw43,density,m-pg250,raw/density-m-pg250-draw43/measurements.json,code,science,0.0077410911256854415
density-m-pg250-draw43,density,m-pg250,raw/density-m-pg250-draw43/measurements.json,if,science,0.03562058730456174
density-m-pg250-draw44,density,m-pg250,raw/density-m-pg250-draw44/measurements.json,math,student,0.09946279253079103
density-m-pg250-draw44,density,m-pg250,raw/density-m-pg250-draw44/measurements.json,code,student,0.09092981278424199
density-m-pg250-draw44,density,m-pg250,raw/density-m-pg250-draw44/measurements.json,if,student,0.07543583302449798
density-m-pg250-draw44,density,m-pg250,raw/density-m-pg250-draw44/measurements.json,science,student,0.08458847045321763
density-m-pg250-draw44,density,m-pg250,raw/density-m-pg250-draw44/measurements.json,math,code,0.0016882860426080588
density-m-pg250-draw44,density,m-pg250,raw/density-m-pg250-draw44/measurements.json,math,if,0.008083470535903308
density-m-pg250-draw44,density,m-pg250,raw/density-m-pg250-draw44/measurements.json,math,science,0.002755589990096326
density-m-pg250-draw44,density,m-pg250,raw/density-m-pg250-draw44/measurements.json,code,if,0.005780288794437005
density-m-pg250-draw44,density,m-pg250,raw/density-m-pg250-draw44/measurements.json,code,science,0.0014109670504203501
density-m-pg250-draw44,density,m-pg250,raw/density-m-pg250-draw44/measurements.json,if,science,0.004767576491842444
density-m-pg250-draw45,density,m-pg250,raw/density-m-pg250-draw45/measurements.json,math,student,0.09163438021345005
density-m-pg250-draw45,density,m-pg250,raw/density-m-pg250-draw45/measurements.json,code,student,0.06785373680873061
density-m-pg250-draw45,density,m-pg250,raw/density-m-pg250-draw45/measurements.json,if,student,0.06663068405797537
density-m-pg250-draw45,density,m-pg250,raw/density-m-pg250-draw45/measurements.json,science,student,0.07838761204698999
density-m-pg250-draw45,density,m-pg250,raw/density-m-pg250-draw45/measurements.json,math,code,0.010258612381457612
density-m-pg250-draw45,density,m-pg250,raw/density-m-pg250-draw45/measurements.json,math,if,0.023404859734765564
density-m-pg250-draw45,density,m-pg250,raw/density-m-pg250-draw45/measurements.json,math,science,0.00823444773385301
density-m-pg250-draw45,density,m-pg250,raw/density-m-pg250-draw45/measurements.json,code,if,0.013725058666063283
density-m-pg250-draw45,density,m-pg250,raw/density-m-pg250-draw45/measurements.json,code,science,0.00818039811910771
density-m-pg250-draw45,density,m-pg250,raw/density-m-pg250-draw45/measurements.json,if,science,0.028451752863832565
density-s-pg250-draw42,density,s-pg250,raw/density-s-pg250-draw42/measurements.json,math,student,0.05129159901895877
density-s-pg250-draw43,density,s-pg250,raw/density-s-pg250-draw43/measurements.json,math,student,0.026473256405189056
density-s-pg250-draw44,density,s-pg250,raw/density-s-pg250-draw44/measurements.json,math,student,0.01962372987891016
density-s-pg250-draw45,density,s-pg250,raw/density-s-pg250-draw45/measurements.json,math,student,0.02643197843992219
density-m-i64dr250-draw42,density,m-i64dr250,raw/density-m-i64dr250-draw42/measurements.json,math,student,0.07643634175364031
density-m-i64dr250-draw42,density,m-i64dr250,raw/density-m-i64dr250-draw42/measurements.json,code,student,0.07280674288673676
density-m-i64dr250-draw42,density,m-i64dr250,raw/density-m-i64dr250-draw42/measurements.json,if,student,0.0693261545859353
density-m-i64dr250-draw42,density,m-i64dr250,raw/density-m-i64dr250-draw42/measurements.json,science,student,0.08263098633734142
density-m-i64dr250-draw42,density,m-i64dr250,raw/density-m-i64dr250-draw42/measurements.json,math,code,0.000536712962004756
density-m-i64dr250-draw42,density,m-i64dr250,raw/density-m-i64dr250-draw42/measurements.json,math,if,0.009906216582577232
density-m-i64dr250-draw42,density,m-i64dr250,raw/density-m-i64dr250-draw42/measurements.json,math,science,0.004196122131905142
density-m-i64dr250-draw42,density,m-i64dr250,raw/density-m-i64dr250-draw42/measurements.json,code,if,0.008059071133748003
density-m-i64dr250-draw42,density,m-i64dr250,raw/density-m-i64dr250-draw42/measurements.json,code,science,0.005245983009288454
density-m-i64dr250-draw42,density,m-i64dr250,raw/density-m-i64dr250-draw42/measurements.json,if,science,0.022049775104812427
density-m-i64dr250-draw43,density,m-i64dr250,raw/density-m-i64dr250-draw43/measurements.json,math,student,0.17588096509185128
density-m-i64dr250-draw43,density,m-i64dr250,raw/density-m-i64dr250-draw43/measurements.json,code,student,0.16745924421896483
density-m-i64dr250-draw43,density,m-i64dr250,raw/density-m-i64dr250-draw43/measurements.json,if,student,0.16040590039431513
density-m-i64dr250-draw43,density,m-i64dr250,raw/density-m-i64dr250-draw43/measurements.json,science,student,0.16801746747871665
density-m-i64dr250-draw43,density,m-i64dr250,raw/density-m-i64dr250-draw43/measurements.json,math,code,0.00429497882785716
density-m-i64dr250-draw43,density,m-i64dr250,raw/density-m-i64dr250-draw43/measurements.json,math,if,0.024779918051171544
density-m-i64dr250-draw43,density,m-i64dr250,raw/density-m-i64dr250-draw43/measurements.json,math,science,0.005024418601392296
density-m-i64dr250-draw43,density,m-i64dr250,raw/density-m-i64dr250-draw43/measurements.json,code,if,0.01969809102685366
density-m-i64dr250-draw43,density,m-i64dr250,raw/density-m-i64dr250-draw43/measurements.json,code,science,0.003546513882049961
density-m-i64dr250-draw43,density,m-i64dr250,raw/density-m-i64dr250-draw43/measurements.json,if,science,0.026724756604440566
density-m-i64dr250-draw44,density,m-i64dr250,raw/density-m-i64dr250-draw44/measurements.json,math,student,0.20902896185128644
density-m-i64dr250-draw44,density,m-i64dr250,raw/density-m-i64dr250-draw44/measurements.json,code,student,0.20750501667233148
density-m-i64dr250-draw44,density,m-i64dr250,raw/density-m-i64dr250-draw44/measurements.json,if,student,0.22296426608725592
density-m-i64dr250-draw44,density,m-i64dr250,raw/density-m-i64dr250-draw44/measurements.json,science,student,0.19680427275276924
density-m-i64dr250-draw44,density,m-i64dr250,raw/density-m-i64dr250-draw44/measurements.json,math,code,0.004397942656565023
density-m-i64dr250-draw44,density,m-i64dr250,raw/density-m-i64dr250-draw44/measurements.json,math,if,0.019069529771771378
density-m-i64dr250-draw44,density,m-i64dr250,raw/density-m-i64dr250-draw44/measurements.json,math,science,0.003654914779417565
density-m-i64dr250-draw44,density,m-i64dr250,raw/density-m-i64dr250-draw44/measurements.json,code,if,0.013009128918078613
density-m-i64dr250-draw44,density,m-i64dr250,raw/density-m-i64dr250-draw44/measurements.json,code,science,0.0036262582679987736
density-m-i64dr250-draw44,density,m-i64dr250,raw/density-m-i64dr250-draw44/measurements.json,if,science,0.020762734843658672
density-m-i64dr250-draw45,density,m-i64dr250,raw/density-m-i64dr250-draw45/measurements.json,math,student,0.08730018210606857
density-m-i64dr250-draw45,density,m-i64dr250,raw/density-m-i64dr250-draw45/measurements.json,code,student,0.08440836766251845
density-m-i64dr250-draw45,density,m-i64dr250,raw/density-m-i64dr250-draw45/measurements.json,if,student,0.08575681796801433
density-m-i64dr250-draw45,density,m-i64dr250,raw/density-m-i64dr250-draw45/measurements.json,science,student,0.08241293159603555
density-m-i64dr250-draw45,density,m-i64dr250,raw/density-m-i64dr250-draw45/measurements.json,math,code,0.0007508346322078663
density-m-i64dr250-draw45,density,m-i64dr250,raw/density-m-i64dr250-draw45/measurements.json,math,if,0.0021828384316414204
density-m-i64dr250-draw45,density,m-i64dr250,raw/density-m-i64dr250-draw45/measurements.json,math,science,0.0011458593037748884
density-m-i64dr250-draw45,density,m-i64dr250,raw/density-m-i64dr250-draw45/measurements.json,code,if,0.002161479148440396
density-m-i64dr250-draw45,density,m-i64dr250,raw/density-m-i64dr250-draw45/measurements.json,code,science,0.0013090801048889337
density-m-i64dr250-draw45,density,m-i64dr250,raw/density-m-i64dr250-draw45/measurements.json,if,science,0.0028559512870692367
density-s-i64250-draw42,density,s-i64250,raw/density-s-i64250-draw42/measurements.json,math,student,0.04157389337286664
density-s-i64250-draw43,density,s-i64250,raw/density-s-i64250-draw43/measurements.json,math,student,0.001110604992864348
density-s-i64250-draw44,density,s-i64250,raw/density-s-i64250-draw44/measurements.json,math,student,0.27203305672654077
density-s-i64250-draw45,density,s-i64250,raw/density-s-i64250-draw45/measurements.json,math,student,0.022039065465173313
teachers-m-pg250-draw42,teachers,m-pg250,raw/teachers-m-pg250-draw42/measurements.json,math,student,0.07727161100926082
teachers-m-pg250-draw42,teachers,m-pg250,raw/teachers-m-pg250-draw42/measurements.json,code,student,0.07446903482556011
teachers-m-pg250-draw42,teachers,m-pg250,raw/teachers-m-pg250-draw42/measurements.json,if,student,0.07195359936484959
teachers-m-pg250-draw42,teachers,m-pg250,raw/teachers-m-pg250-draw42/measurements.json,science,student,0.06552417455478829
teachers-m-pg250-draw42,teachers,m-pg250,raw/teachers-m-pg250-draw42/measurements.json,math,code,0.002389573814812416
teachers-m-pg250-draw42,teachers,m-pg250,raw/teachers-m-pg250-draw42/measurements.json,math,if,0.00979248102964879
teachers-m-pg250-draw42,teachers,m-pg250,raw/teachers-m-pg250-draw42/measurements.json,math,science,0.005874608043045951
teachers-m-pg250-draw42,teachers,m-pg250,raw/teachers-m-pg250-draw42/measurements.json,code,if,0.007357942328206477
teachers-m-pg250-draw42,teachers,m-pg250,raw/teachers-m-pg250-draw42/measurements.json,code,science,0.003639056389543393
teachers-m-pg250-draw42,teachers,m-pg250,raw/teachers-m-pg250-draw42/measurements.json,if,science,0.013102409913719585
teachers-m-pg500-draw42,teachers,m-pg500,raw/teachers-m-pg500-draw42/measurements.json,math,student,0.07767347741616036
teachers-m-pg500-draw42,teachers,m-pg500,raw/teachers-m-pg500-draw42/measurements.json,code,student,0.08295398114741252
teachers-m-pg500-draw42,teachers,m-pg500,raw/teachers-m-pg500-draw42/measurements.json,if,student,0.07202940120441047
teachers-m-pg500-draw42,teachers,m-pg500,raw/teachers-m-pg500-draw42/measurements.json,science,student,0.07984573534045669
teachers-m-pg500-draw42,teachers,m-pg500,raw/teachers-m-pg500-draw42/measurements.json,math,code,0.001252587270290981
teachers-m-pg500-draw42,teachers,m-pg500,raw/teachers-m-pg500-draw42/measurements.json,math,if,0.0024708453734342676
teachers-m-pg500-draw42,teachers,m-pg500,raw/teachers-m-pg500-draw42/measurements.json,math,science,0.002135273998809814
teachers-m-pg500-draw42,teachers,m-pg500,raw/teachers-m-pg500-draw42/measurements.json,code,if,0.005648423550416672
teachers-m-pg500-draw42,teachers,m-pg500,raw/teachers-m-pg500-draw42/measurements.json,code,science,0.0005555575689617448
teachers-m-pg500-draw42,teachers,m-pg500,raw/teachers-m-pg500-draw42/measurements.json,if,science,0.006502981035968841
teachers-m-pg250-draw43,teachers,m-pg250,raw/teachers-m-pg250-draw43/measurements.json,math,student,0.13131743699721968
teachers-m-pg250-draw43,teachers,m-pg250,raw/teachers-m-pg250-draw43/measurements.json,code,student,0.13185311857427906
teachers-m-pg250-draw43,teachers,m-pg250,raw/teachers-m-pg250-draw43/measurements.json,if,student,0.13185887305851143
teachers-m-pg250-draw43,teachers,m-pg250,raw/teachers-m-pg250-draw43/measurements.json,science,student,0.12370125436329242
teachers-m-pg250-draw43,teachers,m-pg250,raw/teachers-m-pg250-draw43/measurements.json,math,code,0.0020541176032347484
teachers-m-pg250-draw43,teachers,m-pg250,raw/teachers-m-pg250-draw43/measurements.json,math,if,0.023321813387296605
teachers-m-pg250-draw43,teachers,m-pg250,raw/teachers-m-pg250-draw43/measurements.json,math,science,0.008510306656059015
teachers-m-pg250-draw43,teachers,m-pg250,raw/teachers-m-pg250-draw43/measurements.json,code,if,0.021917285035797523
teachers-m-pg250-draw43,teachers,m-pg250,raw/teachers-m-pg250-draw43/measurements.json,code,science,0.0077410911256854415
teachers-m-pg250-draw43,teachers,m-pg250,raw/teachers-m-pg250-draw43/measurements.json,if,science,0.03562058730456174
teachers-m-pg500-draw43,teachers,m-pg500,raw/teachers-m-pg500-draw43/measurements.json,math,student,0.05733212709124994
teachers-m-pg500-draw43,teachers,m-pg500,raw/teachers-m-pg500-draw43/measurements.json,code,student,0.0607738399140026
teachers-m-pg500-draw43,teachers,m-pg500,raw/teachers-m-pg500-draw43/measurements.json,if,student,0.061508369113412835
teachers-m-pg500-draw43,teachers,m-pg500,raw/teachers-m-pg500-draw43/measurements.json,science,student,0.06699515123280855
teachers-m-pg500-draw43,teachers,m-pg500,raw/teachers-m-pg500-draw43/measurements.json,math,code,0.003635038958595084
teachers-m-pg500-draw43,teachers,m-pg500,raw/teachers-m-pg500-draw43/measurements.json,math,if,0.007869762195945979
teachers-m-pg500-draw43,teachers,m-pg500,raw/teachers-m-pg500-draw43/measurements.json,math,science,0.006304502080644266
teachers-m-pg500-draw43,teachers,m-pg500,raw/teachers-m-pg500-draw43/measurements.json,code,if,0.006886526719702753
teachers-m-pg500-draw43,teachers,m-pg500,raw/teachers-m-pg500-draw43/measurements.json,code,science,0.01131193584142044
teachers-m-pg500-draw43,teachers,m-pg500,raw/teachers-m-pg500-draw43/measurements.json,if,science,0.014720750126949787
